NDVI,LAI,inverted_NDVI
0.70972943,2.1560283674610656,0.70972943
0.60584164,1.623148226947362,0.60584164
0.5784943,1.5036481758085691,0.5784943
0.6584991,1.8755349294066936,0.6584991
0.6667472,1.918120910641657,0.6667472
0.6811617,1.9947938847327804,0.6811617
0.3,0.5753641449035618,0.3
0.5229466,1.2809068146017852,0.5229466
0.59763455,1.5865298162503123,0.59763455
0.6077618,1.631813256078606,0.6077618
0.6923658,2.056489205343735,0.6923658
0.8294589,3.0233424138134404,0.8294589
0.75233364,2.4235640340188813,0.75233364
0.8445408,3.1650156098070736,0.8445408
0.807614,2.8344475644609686,0.807614
0.8050202,2.813159041632211,0.8050202
0.8050202,2.813159041632211,0.8050202
0.8055065,2.817133110575339,0.8055065
0.88154143,3.5621308695858893,0.88154143
0.8993612,3.785740721353304,0.8993612
0.8899504,3.664543023576764,0.8899504
0.88927925,3.656173783971198,0.88927925
0.8817167,3.5642128205571466,0.8817167
0.8438963,3.1587516775932003,0.8438963
0.85074484,3.2263381290659168,0.85074484
0.88691765,3.626999982058878,0.88691765
0.90586025,3.8739439278244214,0.90586025
0.89541394,3.7340086301402944,0.89541394
0.88600314,3.615815995365391,0.88600314
0.90743786,3.895954608297921,0.90743786
0.86263865,3.3494323475573418,0.86263865
0.89593333,3.740739696348621,0.89593333
0.8270867,3.0019447447156336,0.8270867
0.84556276,3.1749884909333446,0.84556276
0.8808399,3.553819350443444,0.8808399
0.89809316,3.7689756815389184,0.89809316
0.3,0.5753641449035618,0.3
0.39134422,0.8351084356382185,0.3913442200000001
0.41851488,0.9193618008291399,0.41851488
0.41838193,0.9189407742604682,0.41838192999999996
0.40495795,0.8768795410258764,0.40495794999999996
0.40495148,0.8768594804188137,0.40495148
0.4105945,0.8944328811583809,0.4105944999999999
0.4933433,1.1716131331826893,0.4933433
0.4340173,0.9690728005171526,0.4340173
0.47801232,1.1172756525916672,0.47801232
0.4191377,0.9213353305901845,0.4191377
0.46908465,1.086300459638172,0.46908465000000005
0.4539438,1.0348406421205927,0.45394379999999995
0.4009639,0.8645338795760529,0.4009639
0.40659738,0.881969184137246,0.40659737999999995
0.43078426,0.9586030742661179,0.43078426
0.4552056,1.0390789587396914,0.45520559999999993
0.4552056,1.0390789587396914,0.45520559999999993
0.4438431,1.001232831066748,0.4438431
0.4438431,1.001232831066748,0.4438431
0.4950158,1.177631268218811,0.49501579999999995
0.49617526,1.1818139921517667,0.49617525999999995
0.488294,1.1535533952843144,0.48829399999999995
0.5022386,1.2038309766174278,0.5022386000000001
0.49939352,1.1934698347271773,0.49939352
0.5008275,1.1986853583504382,0.5008275
0.5246517,1.2873876155810695,0.5246517000000002
0.527016,1.2964088162388143,0.5270160000000002
0.44939944,1.019650382064819,0.44939944000000004
0.449562,1.0201917801727785,0.44956199999999996
0.4191264,0.9212995069285125,0.41912640000000007
0.42665097,0.9452973526009787,0.42665097
0.43667966,0.9777358041084495,0.43667965999999997
0.524465,1.2866769752960276,0.524465
0.4300534,0.9562438673691519,0.4300534
0.4300534,0.9562438673691519,0.4300534
0.4305392,0.9578117135023234,0.43053920000000007
0.38848165,0.8264351116539804,0.38848165000000007
0.38618034,0.8194895255604465,0.38618034000000007
0.4471332,1.0121180043566982,0.44713320000000006
0.44787863,1.014592485396922,0.44787863
0.47344488,1.101368664790222,0.47344488
0.44266468,0.9973484374101351,0.44266468
0.45677775,1.0443723219858465,0.45677775000000004
0.44744092,1.013139120666842,0.44744091999999996
0.430702,0.9583374009918886,0.430702
0.48059368,1.1263220095938355,0.4805936800000001
0.5040211,1.210349897345204,0.5040211000000001
0.5049674,1.2138193391881353,0.5049674
0.49217808,1.167431014643422,0.49217808
0.3983341,0.8564465434041217,0.39833409999999997
0.45027485,1.0225676241030932,0.45027484999999995
0.44604543,1.0085125982158352,0.44604543
0.44695625,1.0115310619793552,0.44695625
0.49587446,1.1807280228160653,0.49587445999999996
0.3630645,0.7510297552605595,0.36306450000000007
0.40634435,0.8811828017048182,0.4063443500000001
0.45095983,1.0248532426912234,0.45095983
0.45094422,1.0248011266649537,0.45094421999999995
0.65409994,1.853186946633282,0.65409994
0.7198876,2.2166441529081617,0.7198876
0.57868654,1.5044637723124166,0.57868654
0.41082352,0.8951493624041105,0.41082352000000005
0.5349951,1.3271577276011142,0.5349951
0.55064046,1.3888578432784024,0.55064046
0.75950354,2.4723277773016443,0.75950354
0.19685082,0.3176417163066418,0.19685082000000004
0.18162127,0.28225466919803355,0.18162127
0.18170975,0.28245846163308125,0.18170974999999995
0.16916373,0.25376703189472505,0.16916373
0.16829494,0.251795355984321,0.16829493999999995
0.16829494,0.251795355984321,0.16829493999999995
0.16558623,0.24566052048434364,0.16558623
0.24844094,0.4423932456201815,0.24844094
0.28256145,0.529393735745499,0.28256144999999994
0.27145362,0.5006534267495402,0.27145362
0.24355659,0.4302431025373532,0.24355659000000002
0.23007041,0.39707361652836054,0.23007041
0.2171172,0.3657246859849115,0.21711720000000007
0.21189034,0.35321265574565325,0.21189034
0.20078024,0.3268745609294676,0.20078024
0.1992513,0.3232769873315256,0.19925129999999996
0.164074,0.24224370661972291,0.164074
0.16162695,0.2367270457129645,0.16162695
0.16794664,0.25100545187823037,0.16794663999999998
0.1943831,0.3118650994965903,0.19438309999999998
0.22503538,0.38482955683104453,0.22503537999999995
0.21558525,0.36204939615770937,0.21558525
0.24108788,0.42412999151961994,0.24108787999999998
0.24699597,0.4387910927360375,0.24699597
0.23230413,0.4025296171581403,0.23230413
0.21712527,0.3657440645555729,0.21712526999999998
0.21220687,0.35396814110113445,0.21220687
0.20405379,0.33459900591518127,0.20405379000000007
0.19630824,0.31637017423014063,0.19630823999999997
0.19630824,0.31637017423014063,0.19630823999999997
0.18918425,0.2997495856178369,0.18918425
0.19657493,0.3169950640970388,0.19657492999999998
0.19097175,0.3039069409213043,0.19097175000000005
0.18313551,0.2857452239903784,0.18313551
0.18664137,0.2938502244552654,0.18664136999999997
0.18154368,0.28207597635083065,0.18154368000000004
0.17100477,0.2579516158656892,0.17100476999999997
0.17515524,0.2674176510153256,0.17515524
0.17633864,0.27012487672567564,0.17633863999999994
0.17149083,0.2590578663249028,0.17149083000000004
0.28487778,0.5354393864214807,0.28487778
0.16932605,0.2541356247047273,0.16932604999999995
0.1605896,0.2343930153950813,0.16058959999999994
0.15275781,0.21685890673356242,0.15275780999999994
0.15394497,0.21950690096492856,0.15394497000000001
0.1500125,0.2107488092863333,0.15001249999999994
0.1499779,0.21067192080750682,0.14997789999999994
0.15361917,0.21877984565241548,0.15361916999999997
0.14208058,0.19319929762452268,0.14208057999999996
0.14211193,0.19326835780887758,0.14211192999999994
0.15204893,0.21527939983001138,0.15204893000000003
0.14918788,0.2089171339605954,0.14918788
0.15613663,0.2244046909318851,0.15613662999999994
0.14677392,0.20356478290569055,0.14677391999999995
0.13870744,0.18578258334894276,0.13870743999999996
0.14399186,0.1974139768641144,0.14399186000000003
0.1363472,0.180609296810707,0.13634719999999995
0.1388307,0.18605311850338052,0.13883070000000003
0.21166064,0.35266459255089555,0.21166064
0.17229915,0.2608989218885851,0.17229915
0.1446847,0.19894399633714616,0.14468469999999994
0.1391559,0.18676705398476207,0.13915589999999994
0.13730773,0.18271301774349166,0.13730773000000002
0.14015728,0.1889670591475896,0.14015728
0.13735475,0.18281605622157085,0.13735475000000003
0.13085455,0.16862179858252155,0.13085454999999996
0.12997395,0.16670658824505583,0.12997394999999995
0.1295967,0.16588667085940106,0.12959669999999995
0.1288594,0.16428518845239354,0.1288594
0.12684861,0.15992407685477508,0.12684860999999997
0.12788464,0.16216988789290768,0.12788463999999994
0.12676944,0.15975256304627292,0.12676943999999996
0.12732266,0.16095136612103852,0.12732265999999998
0.12608351,0.1582671804254809,0.12608351
0.12947498,0.1656221955968827,0.12947497999999996
0.12257583,0.15068849051053038,0.12257583000000001
0.23653558,0.4129061804373682,0.2365355799999999
0.35067588,0.7152819064652941,0.35067588
0.34526315,0.6998616165219391,0.34526315
0.34754047,0.7063349759491943,0.34754046999999993
0.34546182,0.7004255092954201,0.34546182
0.31137165,0.6059207877443841,0.31137165000000006
0.41951615,0.9225354769936318,0.4195161499999999
0.3666354,0.7614534809340204,0.3666354
0.44398484,1.0017005534481598,0.44398484
0.43585983,0.9750641739737781,0.43585983
0.43023413,0.956827002590113,0.43023413000000005
0.4124067,0.9001093194338524,0.41240669999999996
0.3442596,0.697015628983064,0.34425959999999994
0.2548896,0.45854861208906905,0.2548896
0.2560946,0.4615819368199746,0.2560946
0.2535016,0.455060316845002,0.25350160000000005
0.2896592,0.5479770503196052,0.28965919999999995
0.29467422,0.561212252224591,0.29467422000000004
0.27730274,0.5157359001127844,0.27730274000000005
0.27707273,0.5151406455804355,0.27707272999999993
0.27578366,0.5118078708077156,0.27578366000000004
0.26830906,0.49259166789421355,0.26830905999999993
0.26830906,0.49259166789421355,0.26830905999999993
0.25929615,0.46966356162756717,0.25929615
0.2516054,0.4503046350696195,0.25160540000000003
0.24164192,0.4255003006285714,0.24164192
0.23434018,0.40751579638916424,0.23434017999999995
0.23304303,0.40433770761562265,0.23304302999999998
0.2323518,0.40264621647418136,0.23235179999999994
0.233683,0.4059050381296874,0.23368300000000003
0.23172121,0.40110436274822425,0.23172121000000007
0.24481353,0.4333627772727317,0.24481353
0.23724152,0.41464257227969853,0.23724151999999993
0.23856978,0.4179137692683528,0.23856978
0.2888363,0.545813665117033,0.2888363
0.2036169,0.33356636999231665,0.20361690000000005
0.18644232,0.29338917142164966,0.18644232
0.18189664,0.28288898614007185,0.18189664
0.18189664,0.28288898614007185,0.18189664
0.18311156,0.28568996813566666,0.18311156
0.18110324,0.28106192799300245,0.18110324000000005
0.18314809,0.2857742483452271,0.18314808999999993
0.18118195,0.2812431084711817,0.18118194999999998
0.17714779,0.27197805455788104,0.17714778999999997
0.18509664,0.2902750016700771,0.18509663999999998
0.27563787,0.5114312931831261,0.27563787
0.64457786,1.8056528674545764,0.64457786
0.34799567,0.7076314137683607,0.3479956699999999
0.30645844,0.5926612337267669,0.30645844000000005
0.28793398,0.5434441732572153,0.28793398
0.24246086,0.4275275089435022,0.24246085999999994
0.23517947,0.40957479715940553,0.23517947
0.22063458,0.37418884965798654,0.22063457999999997
0.20384067,0.3340952075501526,0.20384067
0.21121322,0.3515974813779355,0.21121322000000003
0.18688016,0.2944034662261233,0.18688016000000002
0.2000882,0.32524539917517364,0.2000882
0.19767885,0.3195837731117275,0.1976788499999999
0.20852908,0.3452076465729633,0.20852907999999998
0.21012618,0.3490072254275756,0.21012618
0.21441029,0.3592351277601961,0.21441028999999995
0.2375859,0.41549018688849193,0.23758589999999996
0.23764686,0.41564026376972846,0.23764685999999996
0.2263735,0.3880762570652626,0.22637349999999995
0.22583315,0.38676456341297644,0.22583314999999998
0.8268636,2.9999440706328655,0.8268636
0.61163706,1.6494161631862412,0.61163706
0.31929225,0.6274833879464975,0.31929225
0.34661072,0.7036895986399511,0.34661072
0.8838887,3.59019446674094,0.8838887
0.8763323,3.5012231516372236,0.8763323
0.7044266,2.1251004252139722,0.7044266
0.37830275,0.7958951216146447,0.37830274999999997
0.61994797,1.6876981552288768,0.61994797
0.51415044,1.2478036578975662,0.5141504400000001
0.6249218,1.7109642539672876,0.6249218
0.5916285,1.5601505765785666,0.5916285
0.6843753,2.0122957630183462,0.6843753
0.6118166,1.6502354695677426,0.6118166
0.61993814,1.687652440352674,0.61993814
0.6897481,2.0419035400024312,0.6897480999999999
0.41351506,0.903589043817482,0.41351506
0.45123264,1.0257642738807409,0.45123264
0.4345363,0.9707586230774493,0.43453629999999993
0.44074228,0.9910278304798172,0.44074228
0.42282104,0.9330467128539666,0.42282104000000004
0.38278362,0.8092817557584862,0.38278362000000005
0.2750762,0.5099811540868339,0.27507619999999994
0.2743263,0.5080466738404404,0.27432629999999997
0.25805506,0.46652681957274517,0.25805505999999995
0.26843813,0.49292192797618545,0.26843813
0.25247842,0.45249277025622453,0.25247842000000004
0.2879941,0.5436019610866274,0.2879941
0.289314,0.5470692424994492,0.289314
0.33847117,0.6806786844900691,0.33847117
0.42346576,0.9351037066124508,0.42346575999999997
0.37227234,0.7780195063065214,0.37227234000000003
0.33096611,0.6596935749246174,0.33096611000000004
0.25298545,0.4537646887974212,0.25298545
0.24803613,0.4413834440114207,0.24803612999999997
0.23750213,0.4152839726402844,0.23750212999999992
0.23682557,0.41361928280320004,0.23682556999999999
0.23766069,0.4156743132909171,0.23766068999999995
0.23766069,0.4156743132909171,0.23766068999999995
0.22238131,0.3784054999842784,0.22238131
0.2197621,0.3720859855099976,0.21976210000000002
0.23231949,0.40256718649126344,0.23231949000000002
0.22284544,0.37952741807709467,0.22284544
0.24032487,0.4222443716828904,0.24032486999999997
0.21259604,0.3548973929708378,0.21259603999999993
0.22301981,0.3799490765922691,0.22301980999999999
0.23233399,0.40260265298065406,0.23233399000000005
0.23161818,0.400852557335406,0.23161818000000006
0.22327945,0.38057709832764897,0.22327945
0.29675624,0.5667327702165272,0.29675624000000006
0.36501035,0.7567031006462247,0.36501035
0.24874493,0.4431518863083438,0.24874492999999992
0.2230922,0.38012415495424734,0.2230921999999999
0.23050569,0.39813564816088265,0.23050568999999993
0.32669374,0.6478451007752731,0.32669374
0.33958855,0.6838219395077698,0.33958854999999993
0.34867394,0.7095647291377122,0.34867394
0.8045514,2.809335444607344,0.8045514
0.90348184,3.841211798325867,0.90348184
0.67427707,1.9578065910514966,0.67427707
0.8845149,3.5977482368589246,0.8845149
0.80535185,2.8158684461972148,0.80535185
0.88080746,3.553435845233029,0.88080746
0.87012964,3.4310378195975444,0.87012964
0.8760488,3.4979609577478374,0.8760488
0.6889544,2.0375020256739,0.6889544000000001
0.7915675,2.706241481977535,0.7915675
0.9123997,3.9668043465054246,0.9123997
0.90154684,3.814971582740861,0.90154684
0.90154684,3.814971582740861,0.90154684
0.90154773,3.814983573090785,0.90154773
0.83732104,3.09594296066701,0.83732104
0.6913139,2.0506152924803662,0.6913139
0.54270875,1.3573399654697313,0.5427087500000001
0.615226,1.6658578462622533,0.615226
0.42237076,0.9316113380474348,0.42237076
0.73617756,2.317855861447415,0.73617756
0.4319798,0.9624682719489649,0.4319798000000001
0.5237809,1.2840752260982875,0.5237809
0.5445659,1.364675229988552,0.5445659
0.60328364,1.6116628543243674,0.60328364
0.5741132,1.485150536318537,0.5741132
0.5982993,1.5894709732433003,0.5982993
0.6864205,2.0235145978126496,0.6864205
0.7339977,2.3040115738814,0.7339977
0.47814575,1.1177422555272851,0.47814575
0.49963784,1.1943574894527857,0.49963784000000006
0.7410203,2.3489594000706693,0.7410203
0.7830364,2.64128591892725,0.7830364
0.7042335,2.1239831744664217,0.7042335
0.5025565,1.2049920379272452,0.5025565000000001
-0.023109594,,
-0.02429185,,
0.13760588,0.18336646626907574,0.13760588
0.21245106,0.35455116233865214,0.21245105999999997
0.20962596,0.3478164010815106,0.20962596000000006
0.33725265,0.6772565383799077,0.33725265
0.32865655,0.6532798056568682,0.32865655
0.27417564,0.5076582492478283,0.27417564
0.25909054,0.4691435609425496,0.25909054000000004
0.24380428,0.4308574743390536,0.24380427999999993
0.23152062,0.4006141498268999,0.23152062
0.26676255,0.48863874451874695,0.26676255
0.23326856,0.40488990594194296,0.23326856
0.19438057,0.3118591856436511,0.19438057000000003
0.16008426,0.23325698979027173,0.16008426000000003
0.13809294,0.18443440399100966,0.13809294
0.1751467,0.26739812764681914,0.17514669999999993
0.2221508,0.37784853357524784,0.22215080000000004
0.21971397,0.37197004619917173,0.21971396999999998
0.23410317,0.4069347316699781,0.23410316999999997
0.2495443,0.44514817697789427,0.2495443
0.243138,0.4292052581049263,0.24313800000000002
0.24257232,0.4278035765352241,0.24257232
0.22870287,0.39374064540419695,0.22870286999999995
0.23103489,0.39942759353821083,0.23103489000000005
0.22821182,0.39254521139567417,0.22821182
0.22821182,0.39254521139567417,0.22821182
0.22130194,0.3757988242918593,0.22130193999999997
0.19077432,0.30344733481205155,0.19077432
0.18562368,0.291494098898626,0.18562368
0.18420035,0.28820349644948556,0.18420034999999996
0.18406805,0.28789790636784157,0.18406804999999998
0.17594863,0.2692322586202417,0.17594863
0.17864248,0.27540583125277857,0.17864248
0.16497275,0.2442736869755748,0.16497274999999995
0.16017774,0.2334670881307824,0.16017774
0.16907836,0.2535732027662569,0.16907836000000004
0.14296855,0.19515630943245274,0.14296855000000003
0.14620697,0.2023097878357089,0.14620697
0.14566375,0.20110805956914707,0.14566375000000004
0.1420758,0.1931887680834382,0.14207580000000003
0.14125259,0.19137620041449027,0.14125258999999996
0.14116403,0.19118130426602287,0.14116402999999994
0.14437374,0.1982571492076205,0.14437373999999997
0.13961802,0.1877820186066564,0.13961801999999995
0.2469539,0.4386863139393517,0.2469539
0.14460193,0.19876115127413618,0.14460192999999993
0.1427639,0.19470510806280247,0.1427639
0.14293765,0.19508817624109726,0.14293764999999997
0.14634722,0.20262017058578746,0.14634721999999994
0.14254004,0.19421167005724357,0.14254004000000003
0.14363241,0.19662065349575736,0.14363241
0.34161294,0.6895292795127722,0.34161294000000003
0.22777683,0.3914868488481139,0.22777682999999999
0.1675205,0.2500394398124995,0.16752050000000002
0.15375319,0.2190788926987943,0.15375319000000004
0.15351993,0.21855843416399204,0.15351993000000003
0.14879021,0.20803441437933243,0.14879020999999998
0.14542986,0.20059086309597085,0.14542985999999997
0.1478049,0.2058489703816914,0.14780489999999996
0.14323379,0.19574124789111327,0.14323378999999997
0.14389735,0.19720535827278482,0.14389734999999998
0.14435977,0.19822629786668874,0.14435976999999994
0.1428354,0.19486273586803207,0.1428354
0.14457662,0.19870524294589856,0.14457662
0.14047132,0.18965749542270932,0.14047132
0.14483717,0.19928085762883274,0.14483717000000002
0.14458185,0.19871679558573663,0.14458184999999996
0.14453669,0.19861704305967265,0.14453668999999997
0.14311393,0.1954768973284476,0.14311393
0.65241987,1.844717560595194,0.65241987
0.6336883,1.7526420408879468,0.6336883
0.63734686,1.7702957872364407,0.63734686
0.6446061,1.805792183889468,0.6446061
0.6658994,1.9137015630765861,0.6658994
0.6655383,1.9118222097615942,0.6655383
0.68319285,2.005838091756286,0.68319285
0.68660307,2.0245191420938897,0.68660307
0.667154,1.920244918867407,0.667154
0.7998965,2.7717608935884903,0.7998965
0.6882422,2.0335607037017787,0.6882422
0.5765322,1.495342745784522,0.5765322
0.6038949,1.6144014089980212,0.6038949
0.780939,2.625634318577038,0.780939
0.7426243,2.3593690021997156,0.7426243
0.6885507,2.035266992363557,0.6885507
0.71657574,2.196679091731619,0.71657574
0.7744274,2.5778083284671007,0.7744274
0.7603011,2.4778263424909053,0.7603011
0.28592038,0.5381665611718023,0.28592038000000003
0.2011433,0.3277297874497909,0.20114329999999997
0.6101836,1.642795823759186,0.6101836
0.61801654,1.6787359570160618,0.61801654
0.6106169,1.6447671626195053,0.6106169
0.6948849,2.070626633408579,0.6948848999999999
0.68249303,2.0020259890454057,0.68249303
0.67779523,1.9766222383312355,0.67779523
0.6457321,1.8113550039504729,0.6457321
0.6216407,1.6955858991806136,0.6216407
0.55233496,1.3956560774062725,0.55233496
0.28910905,0.5465304593607074,0.2891090499999999
0.2634497,0.4801972086023967,0.26344969999999995
0.3104329,0.6033805279263698,0.31043290000000007
0.36307782,0.7510685365701353,0.36307781999999994
0.41008526,0.8928406605056506,0.41008525999999995
0.39290288,0.8398468959649128,0.39290288
0.39952922,0.8601178026626607,0.39952921999999996
0.4420874,0.9954483146979833,0.4420874000000001
0.534727,1.3261168433656998,0.534727
0.5890526,1.5489426845568883,0.5890526
0.61549294,1.6670861716942633,0.61549294
0.6092098,1.6383725073909476,0.6092098
0.63698006,1.7685188126298343,0.63698006
0.6386646,1.7766926777727046,0.6386646
0.60691893,1.6280050468450706,0.60691893
0.62160176,1.6954040974539462,0.62160176
0.62036145,1.6896220103530444,0.62036145
0.6178329,1.677885919944909,0.6178329
0.36847043,0.7668312784100914,0.36847043000000007
0.34168267,0.6897261589762608,0.34168267
0.34512705,0.6994754103521952,0.34512705000000005
0.3289068,0.6539737702826582,0.3289068
0.26831123,0.49259721996831624,0.26831123000000007
0.26692268,0.48904767892612133,0.26692268
0.26922822,0.49494477390888003,0.26922821999999996
0.25988793,0.47116096564572457,0.25988793000000004
0.24317576,0.42929885746537394,0.2431757599999999
0.253054,0.4539367131302501,0.25305400000000006
0.2532176,0.45434732261822697,0.2532176
0.25152138,0.45009417377807726,0.25152137999999996
0.25201306,0.4513260951620768,0.25201306000000007
0.25371316,0.45559161258012326,0.25371315999999994
0.25095874,0.4486853899994025,0.25095874
0.2782709,0.5182433945505753,0.27827090000000004
0.30899,0.599482317000915,0.30899000000000004
0.56405175,1.4433062844653601,0.56405175
0.5784243,1.5033512767280506,0.5784243
0.5720602,1.4765409916891241,0.5720602
0.5732039,1.4813326855893016,0.5732039
0.7457562,2.3798518506015403,0.7457562
0.6385456,1.7761141582002464,0.6385456
0.586763,1.5390329536232346,0.586763
0.59733796,1.585218960993893,0.59733796
0.37699226,0.7919968973212006,0.37699226
0.5221798,1.277999167145031,0.5221798
0.8089913,2.8458444931159876,0.8089913
0.4884056,1.1539507956604462,0.48840560000000005
0.63513786,1.7596180134215282,0.63513786
0.66961867,1.9331620588624763,0.66961867
0.67342204,1.953260376208322,0.67342204
0.703136,2.1176450133919533,0.703136
0.71381885,2.1802102547925126,0.71381885
0.7266091,2.2577869415263296,0.7266091
0.71379304,2.1800567125175743,0.71379304
0.8161283,2.9059652091779635,0.8161283
0.8102481,2.8563012806563957,0.8102481
0.8102481,2.8563012806563957,0.8102481
0.73909515,2.3365367243355286,0.73909515
0.78518814,2.6574713348052446,0.78518814
0.7776418,2.601274334578391,0.7776418
0.5367873,1.3341297997187973,0.5367873000000001
0.4779657,1.11711264873041,0.4779657
0.50860023,1.227194653253111,0.5086002300000001
0.5766823,1.4959768915387925,0.5766823
0.5766823,1.4959768915387925,0.5766823
0.5632541,1.4400261159610124,0.5632541
0.5632541,1.4400261159610124,0.5632541
0.75684124,2.454081947411142,0.75684124
0.8370686,3.0935704617494326,0.8370686
0.8276371,3.0068890941357997,0.8276371
0.8339981,3.064936150080725,0.8339981
0.66192025,1.893088838484912,0.66192025
0.42372578,0.9359339053604179,0.42372578
0.45779115,1.0477918383014562,0.45779115
0.6300481,1.735230196145198,0.6300481
0.8272517,3.0034256890692794,0.8272517
0.82665014,2.9980317160061998,0.82665014
0.8043585,2.8077642460845396,0.8043585
0.67593604,1.9666569602928012,0.67593604
0.7868526,2.670081895055137,0.7868526
0.5003734,1.1970322808193328,0.5003734
0.79672784,2.746581274427089,0.79672784
0.6651699,1.9099066815931591,0.6651699
0.6915559,2.051965117152015,0.6915559
0.7465842,2.385302273913853,0.7465842
0.9004371,3.80007647769985,0.9004371
0.87228656,3.455165827184185,0.87228656
0.88677007,3.625190917318044,0.88677007
0.88677007,3.625190917318044,0.88677007
0.6926216,2.0579202291377947,0.6926216
0.9158576,4.017706713431437,0.9158576
0.87408525,3.4755115525829012,0.87408525
0.87408525,3.4755115525829012,0.87408525
0.9099133,3.9309875246736268,0.9099133
0.3688557,0.7679622020118355,0.36885570000000006
0.90694404,3.88903879319999,0.90694404
0.9069273,3.8888047726021364,0.9069273
0.55024797,1.3872864871577242,0.55024797
0.49379796,1.1732473388871667,0.4937979599999999
0.3746537,0.7850593652621533,0.37465370000000003
0.39151704,0.8356332702535657,0.39151704000000004
0.51088715,1.2356607215711726,0.5108871500000001
0.8612056,3.334193373455165,0.8612056
0.8967668,3.7515886699422754,0.8967668
0.91041076,3.938102337976748,0.91041076
0.9167226,4.030645217114011,0.9167226
0.8949818,3.7284254992023294,0.8949818
0.8949818,3.7284254992023294,0.8949818
0.86307925,3.354141097492468,0.86307925
0.31275213,0.6096622408117582,0.31275212999999996
0.29883286,0.5722541907776698,0.29883286000000003
0.28286326,0.5301804289911369,0.28286326
0.29629165,0.5654995790311235,0.2962916500000001
0.27818647,0.5180245991679451,0.27818647
0.22542943,0.38578509875554434,0.22542943
0.22150774,0.37629556868765807,0.22150774
0.21433657,0.3590586853092392,0.21433657
0.21348807,0.35702899370363295,0.21348806999999997
0.20583986,0.33882612609583657,0.20583985999999993
0.21310404,0.3561110345878989,0.21310404
0.3622508,0.7486620847830131,0.36225079999999993
0.3285951,0.653109436375109,0.3285951
0.32674944,0.6479991216868818,0.32674944
0.25269666,0.45304014068823956,0.25269665999999996
0.23673819,0.41340438350881625,0.23673819000000002
0.22005357,0.37278824488620704,0.22005356999999998
0.22033739,0.37347230961693895,0.22033739000000002
0.20756368,0.34291440836402143,0.20756367999999997
0.20815903,0.3443283086245783,0.20815902999999997
0.20793216,0.34378939582829054,0.20793215999999998
0.1968277,0.31758751784457595,0.1968277
0.197109,0.318247047892609,0.19710899999999992
0.20391417,0.33426894124260687,0.20391416999999995
0.22484581,0.3843700262816438,0.22484580999999998
0.21497251,0.36058126503503046,0.21497251
0.19639504,0.31657353665462845,0.19639504000000002
0.19747461,0.3191045745535345,0.19747460999999994
0.200466,0.32613463025562045,0.20046599999999998
0.21198861,0.3534471734139626,0.21198860999999997
0.20450348,0.3356624531194387,0.20450348000000002
0.22004671,0.37277171376708623,0.22004671000000003
0.2858905,0.5380883509565539,0.2858905
0.2885405,0.5450365851310688,0.28854050000000003
0.24928834,0.4445087435031068,0.24928834000000005
0.24979804,0.44578226634869816,0.24979804
0.2418642,0.4260503305523491,0.24186419999999992
0.23847492,0.41767997354986797,0.23847491999999998
0.24344702,0.42997138463185053,0.24344702000000001
0.7837332,2.6465129307151702,0.7837332
0.800075,2.773188812257785,0.800075
0.800075,2.773188812257785,0.800075
0.8196634,2.9364271232774337,0.8196634
0.60338444,1.6121141983239318,0.60338444
0.6897056,2.041667607904526,0.6897056
0.81436694,2.8909590289367046,0.81436694
0.66512746,1.9096861288870233,0.66512746
0.595063,1.5751926623126637,0.595063
0.75506365,2.441991417268608,0.75506365
0.72110426,2.2240289562722664,0.7211042599999999
0.7655202,2.5141860593879293,0.7655202
0.21413626,0.35857933922488244,0.21413626000000002
0.2932089,0.5573360427118033,0.29320889999999994
0.2773098,0.5157541738471914,0.2773098
0.25481057,0.45834983196327345,0.25481057
0.25312376,0.4541117891162508,0.25312376
0.26030198,0.47220931952598205,0.26030198
0.44499773,1.005046137784438,0.44499773000000004
0.45158115,1.0269287042991118,0.45158114999999993
0.43986213,0.9881406619183893,0.43986213
0.42391953,0.9365527396350618,0.42391953
0.39961493,0.8603813522331194,0.39961493
0.3962423,0.85003697093938,0.3962423
0.37102064,0.7743290990581042,0.37102063999999996
0.28014818,0.5231144484242035,0.28014818
0.2334548,0.40534601973490625,0.23345480000000002
0.21373138,0.35761080343764945,0.21373137999999997
0.29279655,0.5562466067948881,0.29279655
0.29393142,0.5592463852623636,0.29393142
0.28613433,0.5387266597638096,0.28613433000000005
0.30466455,0.587841786973248,0.30466455
0.27152833,0.5008453577295497,0.27152832999999993
0.26146036,0.47514520234609287,0.26146036
0.26326934,0.47973865096297796,0.2632693400000001
0.25034055,0.44713865888970933,0.25034054999999994
0.25034055,0.44713865888970933,0.25034054999999994
0.24880469,0.44330105785405566,0.24880469
0.24320519,0.42937181148758474,0.24320519000000002
0.25029793,0.447032066353933,0.25029793000000006
0.23283784,0.40383544312997655,0.2328378399999999
0.22231936,0.37825579896306427,0.2223193599999999
0.23135135,0.4002005719087375,0.23135135
0.2290555,0.39459954460387103,0.22905550000000002
0.22865349,0.39362040021208733,0.22865348999999996
0.224572,0.38370647858515095,0.22457199999999994
0.22641121,0.3881678297946696,0.22641120999999992
0.2091393,0.34665853775162825,0.20913929999999997
0.21759145,0.3668638260226493,0.21759144999999996
0.19378333,0.31046363142153205,0.19378332999999998
0.17675382,0.2710755395359517,0.17675382
0.15920672,0.23128577481650012,0.15920671999999997
0.16468391,0.24362106780044263,0.16468391
0.16069914,0.2346393510485444,0.16069914000000002
0.16753395,0.25006992233928393,0.16753395
0.1671145,0.24911951672088287,0.1671145
0.16775103,0.2505619677939544,0.16775102999999997
0.1566319,0.2255131539843577,0.1566319
0.18392885,0.28757642888249596,0.18392884999999998
0.18618423,0.292791524162638,0.18618423
0.17378414,0.26428560575190085,0.17378414000000003
0.182106,0.28337138318937394,0.18210600000000005
0.17081715,0.25752476490480786,0.17081715000000003
0.18888548,0.299055550538244,0.18888548
0.63963616,1.7814221963384216,0.63963616
0.36737207,0.7636106525297301,0.36737207
0.31620014,0.6190379156973084,0.31620014
0.22102058,0.3751198984909203,0.22102057999999997
0.20621598,0.3397174352164537,0.20621598000000002
0.19754748,0.3192755327803059,0.19754748000000005
0.18858622,0.2983606185524859,0.18858621999999997
0.2039396,0.3343290542506934,0.20393959999999994
0.23173992,0.40115009340661256,0.23173992000000004
0.2190259,0.37031330376149946,0.21902590000000005
0.22851203,0.3932759711120856,0.22851203000000003
0.23294362,0.40409435587036874,0.23294361999999996
0.26451603,0.4829104577570532,0.26451602999999996
0.24007624,0.4216303184046665,0.24007624
0.23755606,0.4154167281634373,0.23755606
0.24024051,0.4220360026656187,0.24024050999999996
0.45081714,1.0243769039893225,0.45081714
0.45042917,1.0230823260729998,0.45042917
0.46086386,1.058195969034979,0.46086386000000007
0.40952253,0.8910826678161075,0.40952253
0.47627422,1.1112074640120453,0.47627422
0.4984568,1.1900702230681082,0.4984568
0.4853084,1.1429510751378638,0.48530840000000003
0.46548727,1.0739534380172675,0.46548727000000006
0.47751266,1.1155293146707361,0.47751266
0.47638914,1.1116081136431222,0.47638913999999993
0.479076,1.1209983560191266,0.479076
0.44015193,0.9890908368210636,0.44015193
0.45883647,1.0513251986858998,0.45883647
0.42370436,0.9358655019900796,0.42370436000000006
0.3363747,0.6747944886178852,0.3363747000000001
0.5609598,1.4306211685944976,0.5609598
0.4976941,1.187306439064035,0.4976941
0.5072022,1.2220368081757067,0.5072022
0.49068063,1.1620692903557075,0.49068063
0.46493658,1.0720700547396749,0.46493658
0.4613192,1.0597423554290633,0.4613192
0.3418094,0.6900840249582411,0.3418094
0.4073321,0.8842543467889208,0.40733210000000003
0.45726988,1.0460321863807303,0.4572698800000001
0.219884,0.37237965784146604,0.2198839999999999
0.13378394,0.17500613751861865,0.13378394
0.2055982,0.3382536626382039,0.2055982
0.1850128,0.2900811396952116,0.18501279999999992
0.26127568,0.4746768470028464,0.26127567999999995
0.14426742,0.19802236414400032,0.14426741999999998
0.3,0.5753641449035618,0.3
0.14751709,0.2052110504849669,0.14751708999999996
0.14751709,0.2052110504849669,0.14751708999999996
0.19417502,0.3113787727250958,0.19417502000000003
0.20129173,0.32807953547829405,0.20129173000000006
0.20121677,0.32790289836394315,0.20121677
0.21073197,0.3504503197707552,0.21073197000000005
0.20689885,0.34133668008135704,0.2068988499999999
0.16439387,0.24296595150156128,0.16439387
0.34557185,0.7007378801388701,0.34557184999999996
0.20538047,0.33773802675524894,0.20538046999999998
0.20154935,0.3286867149214039,0.20154935000000002
0.17603308,0.26942550602628734,0.17603308
0.17549722,0.2681996111382555,0.17549721999999995
0.15588081,0.22383238109515927,0.15588081000000004
0.15303329,0.21747306041915548,0.15303328999999993
0.15303329,0.21747306041915548,0.15303328999999993
0.14827539,0.20689223191502937,0.14827538999999995
0.14911298,0.20875084648588832,0.14911298
0.14674217,0.20349448059117226,0.14674216999999995
0.14281796,0.19482428676549327,0.14281795999999997
0.14833178,0.2070173072709481,0.14833177999999997
0.14945795,0.20951683835303822,0.14945795
0.8921651,3.6924114579820233,0.8921651
0.8778423,3.5186887235267714,0.8778423
0.89585155,3.739678359683255,0.89585155
0.92734736,4.196797967691226,0.92734736
0.87109107,3.4417567471179136,0.87109107
0.7036483,2.1206010923916887,0.7036483
0.8263785,2.9956007769550475,0.8263785
0.4970682,1.185041224741691,0.4970682
0.92259455,4.120761516218265,0.92259455
0.91073436,3.9427441810065087,0.91073436
0.9121313,3.9629069920309252,0.9121313
0.9074262,3.895791037195568,0.9074262
0.8587478,3.3083246061473592,0.8587478
0.8204372,2.943157297138907,0.8204372
0.8204372,2.943157297138907,0.8204372
0.9086274,3.912712641634538,0.9086274
0.9068092,3.8871545446589955,0.9068092
0.7924636,2.7131884192906375,0.7924636
0.6232365,1.7030505667230964,0.6232365
0.90299684,3.8346023916716194,0.90299684
0.8849442,3.6029433608679122,0.8849442
0.8849442,3.6029433608679122,0.8849442
0.87192416,3.4510915040305377,0.87192416
0.43174878,0.9617207985415828,0.43174878
0.12884793,0.16426028470026569,0.12884793
0.1262756,0.15868304045917406,0.1262756
0.5125197,1.2417263416295607,0.5125197000000001
0.5097417,1.2314158409108082,0.5097417
0.86182624,3.3407789753879746,0.86182624
0.71023107,2.158979020127498,0.71023107
0.9084257,3.909861222740528,0.9084257
0.90048325,3.800693704587286,0.90048325
0.3,0.5753641449035618,0.3
0.3,0.5753641449035618,0.3
0.9024176,3.826737230235946,0.9024176
0.876197,3.4996656101600507,0.876197
0.82883584,3.0177000955558646,0.82883584
0.77072644,2.5511269514931136,0.77072644
0.40943012,0.890794122665422,0.40943012000000006
0.40943012,0.890794122665422,0.40943012000000006
0.41176412,0.8980946921956373,0.41176412
0.58205414,1.5188053470341127,0.58205414
0.8816215,3.563081715067453,0.8816215
0.9043377,3.852928700241368,0.9043377
0.8657148,3.3825414427666014,0.8657148
0.8657148,3.3825414427666014,0.8657148
0.2919466,0.5540028945446704,0.2919466
0.67105037,1.940703970213368,0.67105037
0.6707919,1.9393402961398285,0.6707919
0.5505494,1.3884931693664924,0.5505494
0.59634304,1.5808279225200164,0.59634304
0.89208025,3.691336572756518,0.89208025
0.40653256,0.8817677030333814,0.40653256
0.24682383,0.43836239861900367,0.24682383000000002
0.871153,3.442449174501226,0.871153
0.5818033,1.5177335444402718,0.5818033
0.4234209,0.9349605112650317,0.42342089999999993
0.52156126,1.2756567867029647,0.5215612600000001
0.63046306,1.7372073994814383,0.63046306
0.8410905,3.1317082702983607,0.8410905
0.83521444,3.0762302878660703,0.83521444
0.71004605,2.1578902234427697,0.71004605
0.80457,2.809487009576841,0.80457
0.8577359,3.297770662566352,0.8577359
0.85622215,3.282085758286158,0.85622215
0.87151706,3.4465245131192845,0.87151706
0.8842187,3.594171658263127,0.8842187
0.14170702,0.19237657445565154,0.14170701999999996
0.16917992,0.25380379275333503,0.16917991999999998
0.5143658,1.2486076271631383,0.5143658
0.486503,1.147186538770312,0.4865030000000001
0.54391474,1.362100251730307,0.54391474
0.5853311,1.5328603400571175,0.5853311
0.52763486,1.2987768674424498,0.52763486
0.6205394,1.6904505526815752,0.6205394
0.62979424,1.7340215658139537,0.62979424
0.62979424,1.7340215658139537,0.62979424
0.86962694,3.4254560346333927,0.86962694
0.6766993,1.9707420357918626,0.6766993
0.42552468,0.9416869396262358,0.42552468000000004
0.8333689,3.0591187441628693,0.8333689
0.70602113,2.1343500958278003,0.7060211300000001
0.7061122,2.134879675204176,0.7061122
0.76627886,2.519526849220725,0.76627886
0.5511293,1.390816670088044,0.5511293
0.50795704,1.2248200373818732,0.50795704
0.7270208,2.2603347082356797,0.7270208
0.86842394,3.412161299397753,0.86842394
0.8529729,3.248827992506712,0.8529729
0.08709768,0.07560661070099045,0.08709768000000002
0.9004005,3.7995871113866695,0.9004005
0.9004005,3.7995871113866695,0.9004005
0.9042241,3.851369535989689,0.9042241
0.9042241,3.851369535989689,0.9042241
0.90218675,3.823611252625972,0.90218675
0.88609964,3.6169931935470157,0.88609964
0.88609964,3.6169931935470157,0.88609964
0.88609964,3.6169931935470157,0.88609964
0.8730309,3.4635602758394106,0.8730309
0.12804462,0.16251690278107062,0.12804462
0.1280513,0.16253139377346554,0.12805130000000003
0.27888462,0.5198345336195507,0.2788846200000001
0.3,0.5753641449035618,0.3
0.18864965,0.29850789350190976,0.18864965000000006
0.1915303,0.3052077867702118,0.1915303
0.19418974,0.3114131725777195,0.19418974000000006
0.1645881,0.2434046370428455,0.16458809999999996
0.17487076,0.2667674013487455,0.17487075999999996
0.1866974,0.29398002409180385,0.18669740000000007
0.18642193,0.29334194872939534,0.18642193
0.17553887,0.2682948675349593,0.17553886999999996
0.18111497,0.28108892793066476,0.18111497000000004
0.27456558,0.5086637294765054,0.2745655799999999
0.17902969,0.276294779933291,0.17902968999999996
0.17193533,0.2600700640460932,0.17193533
0.17596905,0.269278984108549,0.1759690499999999
0.17116164,0.25830857798385287,0.17116163999999995
0.16628906,0.24725052153583543,0.16628905999999993
0.16794965,0.2510122768737972,0.16794965
0.17629726,0.2700301511902074,0.17629726000000007
0.16237071,0.23840217873892672,0.16237070999999997
0.16329782,0.24049222809001652,0.16329781999999998
0.15989575,0.23283337656847902,0.15989574999999995
0.16390844,0.24186998571713378,0.16390844
0.16549408,0.2454521447155524,0.16549407999999993
0.16302548,0.23987804625599857,0.16302548
0.16053376,0.2342674530064083,0.16053376000000003
0.15757644,0.22762883211017043,0.15757643999999998
0.15931669,0.2315326935821061,0.15931668999999998
0.16174845,0.23700059815660263,0.16174845
0.15813509,0.22888120811920087,0.15813508999999998
0.15278122,0.21691108953473281,0.15278122
0.3,0.5753641449035618,0.3
0.45141175,1.0263626257816802,0.45141175000000006
0.81699526,2.9133929645514396,0.81699526
0.81995577,2.9389673683984525,0.81995577
0.84958047,3.2146849188600912,0.84958047
0.8365395,3.088606950279674,0.8365395
0.8365395,3.088606950279674,0.8365395
0.8159008,2.9040206436682534,0.8159008
0.79597026,2.7406078644070595,0.79597026
0.7937324,2.7230661359225077,0.7937324
0.7931037,2.718165554922515,0.7931037
0.82216233,2.958243754571072,0.82216233
0.8080892,2.8383724316292445,0.8080892
0.83782905,3.1007259226510833,0.83782905
0.8374836,3.097472234250055,0.8374836
0.8387594,3.1095150215525935,0.8387594
0.83396465,3.064626454561954,0.83396465
0.7840573,2.6489488138782,0.7840573
0.7949016,2.732211851808434,0.7949016
0.8256654,2.989233183323751,0.8256654
0.8397986,3.1193783204759287,0.8397986
0.8397986,3.1193783204759287,0.8397986
0.6026351,1.6087613725787562,0.6026351
0.45722422,1.0458781255699907,0.45722422
0.37411907,0.7834767150134647,0.37411907000000005
0.911261,3.9503216175552804,0.911261
0.88908,3.6536958638010986,0.88908
0.8409341,3.130211531425218,0.8409341
0.7484654,2.3977410197272264,0.7484654
0.75203156,2.4215354082508833,0.75203156
0.6981474,2.0890858821686096,0.6981474
0.7509487,2.4142802968037445,0.7509487
0.7509487,2.4142802968037445,0.7509487
0.90477556,3.8589497423927206,0.90477556
0.9092221,3.921143615610027,0.9092221
0.94546,4.516371011394721,0.94546
0.51024765,1.2332897114583345,0.5102476500000002
0.3473008,0.7056527185011006,0.3473008
0.81549335,2.900542666577868,0.81549335
0.9231185,4.1290033979425615,0.9231185
0.87441236,3.479233975004309,0.87441236
0.87441236,3.479233975004309,0.87441236
0.5902615,1.5541948588097927,0.5902615
0.81992084,2.9386637107203057,0.81992084
0.52240825,1.2788649902146596,0.52240825
0.506193,1.2183217489741278,0.5061930000000001
0.3,0.5753641449035618,0.3
0.88438565,3.5961867723917953,0.88438565
0.8195378,2.9353368426333826,0.8195378
0.8892226,3.6554689587572886,0.8892226
0.6893002,2.0394184911004047,0.6893001999999999
0.6549847,1.8576615613078973,0.6549847
0.71587205,2.1924625510619564,0.71587205
0.66387975,1.9032128590696469,0.66387975
0.4245347,0.9385188524670094,0.4245347
0.39558938,0.8480405304378505,0.39558938000000005
0.41220233,0.8994683551913373,0.41220233
0.842361,3.143908568124892,0.842361
0.4158135,0.9108244075296276,0.4158135
0.42626673,0.9440649078388038,0.42626673
0.42525455,0.940821984413522,0.42525454999999995
0.8240204,2.9746210985415016,0.8240204
0.85603774,3.280183349851762,0.85603774
0.8014232,2.784006853733897,0.8014232
0.8022707,2.790837322460818,0.8022707
0.79404306,2.725492103550613,0.79404306
0.72406983,2.2421442460280785,0.72406983
0.6882109,2.033387667233682,0.6882109
0.68855286,2.0352789442829775,0.68855286
0.68009484,1.989017261049771,0.68009484
0.6335272,1.7518682512604522,0.6335272
0.90819544,3.906611014864391,0.90819544
0.31735605,0.622190877253736,0.31735605000000006
0.2379164,0.41630397691001036,0.23791639999999997
0.53436655,1.3247182682973673,0.5343665500000001
0.35473222,0.7269164253207206,0.35473222
0.5897351,1.5519061713660531,0.5897351
0.4586477,1.050686661773955,0.45864769999999994
0.3998486,0.8611000402757992,0.39984860000000005
0.3998486,0.8611000402757992,0.39984860000000005
0.47796255,1.1171016354351333,0.47796254999999993
0.35468003,0.7267663017488007,0.35468003
0.38678578,0.8213144677902788,0.38678578
0.3301092,0.6573114902825095,0.33010920000000005
0.530407,1.3094189323558043,0.5304070000000001
0.57398593,1.4846157327280818,0.57398593
0.5471717,1.3750130380897667,0.5471717
0.7640417,2.5038185659771073,0.7640416999999999
0.66186315,1.8927945907190022,0.66186315
0.23995438,0.42132942382793104,0.23995437999999997
0.53718495,1.3356800502647876,0.5371849500000001
0.61633086,1.6709467716977107,0.61633086
0.6288705,1.7296297832982195,0.6288705
0.5932542,1.5672565583371951,0.5932542
0.60024256,1.5980937275293925,0.60024256
0.57752234,1.4995296271787488,0.57752234
0.5371,1.3353487691738288,0.5371000000000001
0.5438656,1.3619060646304886,0.5438656
0.54177773,1.3536727754520292,0.54177773
0.5444343,1.364154557281225,0.5444343
0.5629311,1.4386993749345054,0.5629311
0.55952907,1.424778535576134,0.55952907
0.56435156,1.44454058265761,0.56435156
0.60706294,1.6286551915605891,0.60706294
0.60109985,1.6019095980883231,0.60109985
0.5541671,1.4030326083608473,0.5541671
0.6620474,1.8937442235401243,0.6620474
0.61528033,1.6661077848273986,0.61528033
0.582093,1.5189714415204716,0.582093
0.58162105,1.5169551769808982,0.58162105
0.5680096,1.4596621642846623,0.5680096
0.578137,1.5021331795315673,0.578137
0.56755817,1.457789850112959,0.56755817
0.50148636,1.201086263509441,0.5014863600000001
0.4909546,1.1630491853339102,0.49095459999999996
0.38233837,0.807947551394711,0.38233837
0.3260473,0.6460584404446565,0.3260473
0.5108306,1.2354509434725276,0.5108306
0.6151699,1.6655997978005321,0.6151699
0.5799213,1.5097103029743482,0.5799213
0.4761136,1.1106476233137748,0.4761136000000001
0.47035134,1.0906662352164838,0.47035134000000006
0.4250532,0.9401775057372966,0.42505319999999996
0.42295447,0.9334722507112392,0.42295447
0.42637545,0.944413548777377,0.42637545000000004
0.42637545,0.944413548777377,0.42637545000000004
0.40771407,0.8854434012197744,0.40771407
0.38781413,0.8244179841220197,0.3878141299999999
0.3850115,0.8159710634177907,0.3850115
0.35186002,0.7186713038269995,0.35186002
0.3781262,0.7953695074284322,0.3781262
0.37584788,0.7885989924125275,0.37584787999999997
0.30541173,0.5898477421845293,0.30541173000000005
0.27879816,0.5196102995930624,0.27879815999999996
0.2790791,0.520339009431316,0.2790791000000001
0.29247475,0.5553968176416454,0.29247474999999995
0.3038573,0.5856768204162093,0.30385729999999994
0.30372941,0.5853340467323513,0.30372941000000003
0.2904305,0.5500069071242032,0.2904305
0.31213993,0.608002158810847,0.31213993
0.27544042,0.5109213900684759,0.27544041999999996
0.37727544,0.7928386100576182,0.37727543999999996
0.4590818,1.0521553612619592,0.45908180000000004
0.48060736,1.1263700602172766,0.48060736
0.39469716,0.8453155981064071,0.39469715999999994
0.7764256,2.592363329725784,0.7764256
0.90358907,3.84267604354357,0.90358907
0.7167368,2.197645421610589,0.7167368
0.47255594,1.0982874141576981,0.47255594000000006
0.33211088,0.6628803016573067,0.33211088000000005
0.8152007,2.8980483445865737,0.8152007
0.5918782,1.56124038271759,0.5918782
0.7264323,2.2566938267310324,0.7264323
0.8545624,3.2650282641833566,0.8545624
0.2615658,0.4754126512979591,0.2615658
0.51446,1.248959390677394,0.5144600000000001
0.74656355,2.3851661617052686,0.74656355
0.8451568,3.1710209411219417,0.8451568
0.8497247,3.2161247178834924,0.8497247
0.8144973,2.8920658012464675,0.8144973
0.8144973,2.8920658012464675,0.8144973
0.8516415,3.235358558796531,0.8516415
0.63665664,1.76695330256174,0.63665664
0.80215317,2.789888689182589,0.80215317
0.7249699,2.2476749711126476,0.7249699
0.7228193,2.234485322646643,0.7228193
0.40856212,0.8880858703140176,0.40856212
0.65245545,1.8448965513920776,0.65245545
0.71557474,2.190683724693901,0.71557474
0.4626661,1.064323592683749,0.4626661
0.46912724,1.08644709567155,0.46912724
0.6893147,2.0394988919847696,0.6893147
0.42101303,0.9272894758351352,0.42101303000000007
0.28256184,0.5293947521137781,0.28256184
0.2844145,0.534228756833369,0.28441449999999996
0.277392,0.5159669483138349,0.277392
0.795022,2.7331560241107486,0.795022
0.67738295,1.9744081246678813,0.67738295
0.6472107,1.8186833650843979,0.6472107
0.7563961,2.4510473979025065,0.7563961000000001
0.48935214,1.1573245421613185,0.48935214
0.39968452,0.860595359984762,0.39968452000000004
0.43884683,0.9848153276593369,0.4388468300000001
0.34993106,0.7131529261476925,0.34993106
0.35186714,0.7186917009866265,0.35186714
0.291545,0.5529436191476125,0.291545
0.759424,2.471780238011988,0.759424
0.42211908,0.9308094966561357,0.42211908000000004
0.35001022,0.7133790880906268,0.35001022
0.3394396,0.6834026490044556,0.3394396
0.40378755,0.8732539185927397,0.40378755000000005
0.35309383,0.7222089941656216,0.35309383
0.7945556,2.7295010110877613,0.7945556
0.2974202,0.5684964829400245,0.2974202000000001
0.22047225,0.37379743204664484,0.22047224999999998
0.1600132,0.23309729565322584,0.16001320000000002
0.3,0.5753641449035618,0.3
0.5574697,1.4163985948396123,0.5574697
0.37344804,0.781492054450929,0.3734480399999999
0.3989284,0.8582713163648359,0.3989284
0.29225376,0.5548134502305241,0.29225376
0.32134864,0.6331198110775842,0.32134864
0.39499614,0.8462283004689571,0.39499614
0.32494977,0.6430286875375624,0.3249497700000001
0.33671752,0.6757555037904174,0.33671752000000005
0.3012453,0.578687704887263,0.3012453
0.30222532,0.5813071526660748,0.30222531999999996
0.30400404,0.5860701886852764,0.30400404
0.64362514,1.8009584897350175,0.64362514
0.4353876,0.9735269075304638,0.43538760000000004
0.40157777,0.8664264106319239,0.40157777
0.416199,0.9120405078835423,0.41619899999999993
0.2672143,0.4897926227676878,0.26721429999999996
0.268441,0.49292927225788513,0.268441
0.2251754,0.385169042623869,0.22517539999999997
0.2829964,0.530527568028845,0.2829964
0.28405082,0.5332789121799376,0.28405082
0.2792649,0.520821088444791,0.2792649
